Catalogues Name ,Catalogue link,Category
Greenlam,https://drive.google.com/file/d/1riOUH5AD0HZESUhxxfcaMw5vtO7YFOnj/preview,Laminates
Chroma 1mm,https://drive.google.com/file/d/1oZCDsmgKJ5LwVzzL53tJE_iR6G3qYK0v/preview,Laminates
Virgo Chroma 0.8mm,https://drive.google.com/file/d/1rWego-A5rGo53xqjKLL39Uu3NEincJsT/preview,Laminates
Alimo ,https://drive.google.com/file/d/1ozRRnwuCTJ5ddjLPbdBdg9MZAsWO-DwL/preview,Laminates
Fine Touch,https://drive.google.com/file/d/1J_oU_ROZFsCJYsVIlmgljNDzEfPovyX_/preview,Laminates
New Nelgo Catalouge,https://drive.google.com/file/d/1jpdicz11E6qW9nY1vZJjdX35joMLe_DX/preview,Laminates
Ovel Laminate,https://drive.google.com/file/d/14b-eRpLHiD8hJg4zG7Zr6i22bGGIIBSW/preview,Laminates
Pentone ,https://drive.google.com/file/d/1_H6bA2akEKKPFwT96qvUgS0J2UTWbRzo/preview,Laminates
Imperio colorado,https://drive.google.com/file/d/1XlaEzUnPt-Oy8aWbGncZ52rEp6BZB3pk/preview,Laminates
Imperio Massai Mara,https://drive.google.com/file/d/14qLZ9cTPHhxx9WulTS-iJGNUFe3trXqX/preview,Laminates
B4 Bell ,https://drive.google.com/file/d/146BfQrlPyGnREiiCiecEEbtoLI-Ht5na/preview,Laminates
Heaven Color,https://drive.google.com/file/d/1eMmuTJ5C7GACH9F4MIiz3P0Hmx9ADs8Y/preview,Laminates
Litone Final ,https://drive.google.com/file/d/1DA92b4Hc6H5JDegfCFJRCd8RLxkFwjv1/preview,Laminates
My Tone,https://drive.google.com/file/d/1ksCFCe8QEwir_7DlKWKau0kjWVVt0a-o/preview,Laminates
WelWin NEW Ok,https://drive.google.com/file/d/1dABoaXvKMGZK79hhvag5M6Bp9pUMNr1d/preview,Laminates
Catch Cray,https://drive.google.com/file/d/11dCbh3ydEUSWELXU0_6QhQGVJ602yJAJ/preview,Laminates
Mama Laminate,https://drive.google.com/file/d/1R85Y_2KPudMwpHwJYDHDeQ2Hd2pmoxVL/preview,Laminates
Mocco Laminate,https://drive.google.com/file/d/1b05-NVHHq3exx-KsElKv2qNPtz9Ua_zw/preview,Laminates
Paper Art ,https://drive.google.com/file/d/1b05-NVHHq3exx-KsElKv2qNPtz9Ua_zw/preview,Laminates
Paperlam,https://drive.google.com/file/d/10TcgYKaeyQr9PQywJS2DE03SNirJWuD6/preview,Laminates
Rennova Catalouge,https://drive.google.com/file/d/1mOKhLp7fEms9VZ4R5nYJJzRraFmcxStR/preview,Laminates
Neplam Catalouge,https://drive.google.com/file/d/1zd_Dhnkv7LTZeooNuEwTEc1kH9hoZZeY/preview,Laminates
Nexora,https://drive.google.com/file/d/1G792fq2QkkbSqoaFTUQJU9DbdJzOm0ji/preview,Laminates
S Decor,https://drive.google.com/file/d/1vxLiqQOOlUV-k7Sk_kPdBA52Slm2myDm/preview,Laminates
Wine Laminate ,https://drive.google.com/file/d/14BqDDcK5K4L6jj1FwGYrpo0jU33guXC4/preview,Laminates
Brilliance Plain Colour,https://drive.google.com/file/d/1k2__hzAkTEsnSeUui3BlnToCha3VxL4z/preview,Laminates
Crysla,https://drive.google.com/file/d/1SuwuMQGZARF_kEqxCoKNHmotNnhYSl-G/preview,Laminates
Hilaxe,https://drive.google.com/file/d/1Wwg1oNugsivqFdD0eTf9AU1dB1vAV1uU/preview,Laminates
Neloaxe Laminate - 2,https://drive.google.com/file/d/1Wwg1oNugsivqFdD0eTf9AU1dB1vAV1uU/preview,Laminates
reloaxe Laminate-1,https://drive.google.com/file/d/1ChonNnDKwRMY7Eld_VCdmnBlp1Syif5C/preview,Laminates
Fabric  Linner,https://drive.google.com/file/d/105wsfvNUtLc4aEo1XZcclhtz7OX1ouCa/preview,Laminates
Mareki Pvc Laminate,https://drive.google.com/file/d/1eT5qvmTnIOiX9U3pyVAsAEXd2xtLxdjh/preview,Laminates
Color Art Revised,https://drive.google.com/file/d/1EGRE7-hP1tIf_vASUdxwuJH0ZjGbx-ko/vpreview,Laminates
Layout,https://drive.google.com/file/d/1jmXnDQyoq1TUDdwPwycI89FtKTSWbFoz/preview,Laminates
Oliviya Final 1,https://drive.google.com/file/d/1NkRJG-e8uiBW8V4myEqf8853viPIRBMq/preview,Laminates
Oliviya Italiano Interactive,https://drive.google.com/file/d/1GB55D7axdlIIiLZpMJKYPkz6yL8M9XxZ/preview,Laminates
Kooyoo Acrylic,https://drive.google.com/file/d/1__yGLrastkrOFfXA1wji1TnuxFenAmv1/preview,Laminates
Kooyoo Plain Colour,https://drive.google.com/file/d/1-8bAH9n02PQpAA5KWVDadgUI3Wr5OQtv/preview,Laminates
Brush Hpl New Theme,https://drive.google.com/file/d/1yJt4bYvGCGtbfT7eSTfQTcWAiAYunB7F/preview,Laminates
ColorDesk,https://drive.google.com/file/d/1G83sFCa9T5vEAa0Zdm-LsUG70aN69_vT/preview,Laminates
EuroShivShakti,https://drive.google.com/file/d/1wIYW5m08vjfzs2atHJFJNkHTyK0D1vPp/preview,Laminates
Merino-Play ,https://drive.google.com/file/d/1XsHVmaERkBQiXjpOju_g2vFfaRITMQUu/preview,Laminates
MerinoLiner  With Torpedo,https://drive.google.com/file/d/1zd-X4tEGPel-At6Z9ZmmXe7okZyRLfxt/preview,Laminates
Kairos Louver,https://drive.google.com/file/d/16kmTmPqR7V15QG0gO0y_Oxu8UzBfq2Zl/preview,Laminates
MigLam ,https://drive.google.com/file/d/1d51Qs83ZZ6E3hjzeaEnw0Z6MxKeuVLyP/preview,Laminates
MikoLam,https://drive.google.com/file/d/1aKb7y2hB0hNw8ose6vTszKD8oo2XcUuk/preview,Laminates
Prodek Inner Laminate,https://drive.google.com/file/d/1OSW5G80-d_-XhenmvHbXXlfKZmn9tGBX/preview,Laminates
Stanley-PVC Folder,https://drive.google.com/file/d/1eEN4QijgeV57dMRFAggPdsylJyvnrXZi/preview,Laminates
Arctoinc,https://drive.google.com/file/d/1b1pMDzsMYxxiQ1n_1npsLfHJ9SSbImvh/preview,Laminates
Elegora,https://drive.google.com/file/d/1IKbTPUZ7t44Zz36HuncLQyMHp8QQglZF/preview,Laminates
Steeloak ,https://drive.google.com/file/d/1pD3BJnEX7y9lRdtjKIs3-ciUGMhf_rMo/preview,Laminates
Creative Colour ,https://drive.google.com/file/d/1sW-MHG9ATVApuwIqv1iOPVjmi8z0BLAC/vpreview,Laminates
Color Vista,https://drive.google.com/file/d/1kc5Bpppk4QJLUSy1U_W2jO-1etyyXr09/preview,Laminates
Vidyalam 1MM,https://drive.google.com/file/d/1fEOijMieSizS6rF49-47upc7gVVGlHNB/preview,Laminates
Sonova,https://drive.google.com/file/d/1S9GI5u5npkx4pPc5Sq4w9KgHtgvhEwsV/preview,Laminates